Timestamp,Gender,Age,Course,Year_of_Study,CGPA_Range,Marital_Status,Depression,Anxiety,Panic_Attacks,Sought_Treatment,CGPA_Midpoint,Faculty,Depression_Binary,Anxiety_Binary,Panic_Binary,Treatment_Binary,Condition_Count,Risk_Category,Treatment_Status
8/7/2020 12:02,Female,18,Engineering,Year 1,3.00 - 3.49,No,Yes,No,Yes,No,3.25,Engineering,1,0,1,0,2,High Risk,High Risk Treatment Gap
8/7/2020 12:04,Male,21,Islamic Education,Year 2,3.00 - 3.49,No,No,Yes,No,No,3.25,Humanities & Social Sciences,0,1,0,0,1,Moderate Risk,Moderate Risk Untreated
8/7/2020 12:05,Male,19,Bit,Year 1,3.00 - 3.49,No,Yes,Yes,Yes,No,3.25,IT & Computer Science,1,1,1,0,3,High Risk,High Risk Treatment Gap
8/7/2020 12:06,Female,22,Laws,Year 3,3.00 - 3.49,Yes,Yes,No,No,No,3.25,Law,1,0,0,0,1,Moderate Risk,Moderate Risk Untreated
8/7/2020 12:13,Male,23,Mathemathics,Year 4,3.00 - 3.49,No,No,No,No,No,3.25,Health & Natural Sciences,0,0,0,0,0,Low Risk,No Serious Symptoms
8/7/2020 12:31,Male,19,Engineering,Year 2,3.50 - 4.00,No,No,No,Yes,No,3.75,Engineering,0,0,1,0,1,Moderate Risk,Moderate Risk Untreated
8/7/2020 12:32,Female,23,Pendidikan Islam,Year 2,3.50 - 4.00,Yes,Yes,No,Yes,No,3.75,Other Disciplines,1,0,1,0,2,High Risk,High Risk Treatment Gap
8/7/2020 12:33,Female,18,Bcs,Year 1,3.50 - 4.00,No,No,Yes,No,No,3.75,IT & Computer Science,0,1,0,0,1,Moderate Risk,Moderate Risk Untreated
8/7/2020 12:35,Female,19,Human Resources,Year 2,2.50 - 2.99,No,No,No,No,No,2.75,Other Disciplines,0,0,0,0,0,Low Risk,No Serious Symptoms
8/7/2020 12:39,Male,18,Irkhs,Year 1,3.50 - 4.00,No,No,Yes,Yes,No,3.75,Humanities & Social Sciences,0,1,1,0,2,High Risk,High Risk Treatment Gap
8/7/2020 12:39,Female,20,Psychology,Year 1,3.50 - 4.00,No,No,No,No,No,3.75,Humanities & Social Sciences,0,0,0,0,0,Low Risk,No Serious Symptoms
8/7/2020 12:39,Female,24,Engineering,Year 3,3.50 - 4.00,Yes,Yes,No,No,No,3.75,Engineering,1,0,0,0,1,Moderate Risk,Moderate Risk Untreated
8/7/2020 12:40,Female,18,Bcs,Year 1,3.00 - 3.49,No,Yes,No,No,No,3.25,IT & Computer Science,1,0,0,0,1,Moderate Risk,Moderate Risk Untreated
8/7/2020 12:41,Male,19,Engineering,Year 1,3.00 - 3.49,No,No,No,No,No,3.25,Engineering,0,0,0,0,0,Low Risk,No Serious Symptoms
8/7/2020 12:43,Female,18,Kenms,Year 2,3.50 - 4.00,No,No,Yes,No,No,3.75,Business & Economics,0,1,0,0,1,Moderate Risk,Moderate Risk Untreated
8/7/2020 12:43,Male,24,Bcs,Year 3,3.50 - 4.00,No,No,No,No,No,3.75,IT & Computer Science,0,0,0,0,0,Low Risk,No Serious Symptoms
8/7/2020 12:46,Female,24,Accounting,Year 3,3.00 - 3.49,No,No,No,No,No,3.25,Business & Economics,0,0,0,0,0,Low Risk,No Serious Symptoms
8/7/2020 12:52,Female,24,Enm,Year 4,3.00 - 3.49,Yes,Yes,Yes,Yes,No,3.25,Other Disciplines,1,1,1,0,3,High Risk,High Risk Treatment Gap
8/7/2020 13:05,Female,20,Bit,Year 2,3.50 - 4.00,No,No,Yes,No,No,3.75,IT & Computer Science,0,1,0,0,1,Moderate Risk,Moderate Risk Untreated
8/7/2020 13:07,Female,18,Marine Science,Year 2,3.50 - 4.00,Yes,Yes,Yes,Yes,No,3.75,Health & Natural Sciences,1,1,1,0,3,High Risk,High Risk Treatment Gap
8/7/2020 13:12,Female,19,Engineering,Year 1,3.00 - 3.49,No,No,No,Yes,No,3.25,Engineering,0,0,1,0,1,Moderate Risk,Moderate Risk Untreated
8/7/2020 13:13,Female,18,Koe,Year 2,3.00 - 3.49,No,No,No,No,No,3.25,Engineering,0,0,0,0,0,Low Risk,No Serious Symptoms
8/7/2020 13:13,Female,24,Bcs,Year 1,3.50 - 4.00,No,No,No,No,No,3.75,IT & Computer Science,0,0,0,0,0,Low Risk,No Serious Symptoms
8/7/2020 13:15,Female,24,Engineering,Year 1,3.00 - 3.49,No,No,No,No,No,3.25,Engineering,0,0,0,0,0,Low Risk,No Serious Symptoms
8/7/2020 13:17,Female,23,Bcs,Year 3,3.50 - 4.00,No,Yes,Yes,Yes,No,3.75,IT & Computer Science,1,1,1,0,3,High Risk,High Risk Treatment Gap
8/7/2020 13:29,Female,18,Banking Studies,Year 1,3.50 - 4.00,No,No,No,No,No,3.75,Business & Economics,0,0,0,0,0,Low Risk,No Serious Symptoms
8/7/2020 13:35,Female,19,Engineering,Year 1,3.50 - 4.00,No,No,No,No,No,3.75,Engineering,0,0,0,0,0,Low Risk,No Serious Symptoms
8/7/2020 13:41,Male,18,Engineering,Year 2,3.00 - 3.49,Yes,Yes,Yes,No,No,3.25,Engineering,1,1,0,0,2,High Risk,High Risk Treatment Gap
8/7/2020 13:58,Female,24,Bit,Year 3,3.50 - 4.00,Yes,Yes,Yes,Yes,Yes,3.75,IT & Computer Science,1,1,1,1,3,High Risk,In Active Treatment
8/7/2020 14:05,Female,24,Bcs,Year 4,3.50 - 4.00,No,No,No,No,No,3.75,IT & Computer Science,0,0,0,0,0,Low Risk,No Serious Symptoms
8/7/2020 14:27,Female,23,Business Administration,Year 2,3.00 - 3.49,No,No,No,No,No,3.25,Business & Economics,0,0,0,0,0,Low Risk,No Serious Symptoms
8/7/2020 14:29,Male,18,Bcs,Year 2,3.00 - 3.49,No,No,No,No,No,3.25,IT & Computer Science,0,0,0,0,0,Low Risk,No Serious Symptoms
8/7/2020 14:29,Male,19,Bcs,Year 1,3.50 - 4.00,No,No,No,Yes,No,3.75,IT & Computer Science,0,0,1,0,1,Moderate Risk,Moderate Risk Untreated
8/7/2020 14:31,Male,18,Bcs,Year 2,3.50 - 4.00,Yes,Yes,Yes,No,Yes,3.75,IT & Computer Science,1,1,0,1,2,High Risk,In Active Treatment
8/7/2020 14:41,Female,19,Bit,Year 1,3.00 - 3.49,No,Yes,Yes,Yes,No,3.25,IT & Computer Science,1,1,1,0,3,High Risk,High Risk Treatment Gap
8/7/2020 14:43,Female,18,Engineering,Year 1,2.00 - 2.49,No,No,No,No,No,2.25,Engineering,0,0,0,0,0,Low Risk,No Serious Symptoms
8/7/2020 14:43,Female,18,Law,Year 3,3.00 - 3.49,No,Yes,Yes,No,No,3.25,Law,1,1,0,0,2,High Risk,High Risk Treatment Gap
8/7/2020 14:45,Female,19,Bit,Year 1,2.50 - 2.99,No,Yes,Yes,Yes,No,2.75,IT & Computer Science,1,1,1,0,3,High Risk,High Risk Treatment Gap
8/7/2020 14:47,Female,18,Kirkhs,Year 1,3.50 - 4.00,No,No,No,No,No,3.75,Humanities & Social Sciences,0,0,0,0,0,Low Risk,No Serious Symptoms
8/7/2020 14:56,Female,24,Engineering,Year 2,2.50 - 2.99,Yes,Yes,No,Yes,Yes,2.75,Engineering,1,0,1,1,2,High Risk,In Active Treatment
8/7/2020 14:57,Female,24,Bit,Year 3,3.00 - 3.49,No,No,Yes,No,No,3.25,IT & Computer Science,0,1,0,0,1,Moderate Risk,Moderate Risk Untreated
8/7/2020 14:57,Female,22,Engineering,Year 4,3.50 - 4.00,No,No,No,No,No,3.75,Engineering,0,0,0,0,0,Low Risk,No Serious Symptoms
8/7/2020 14:58,Female,20,Usuluddin,Year 2,3.00 - 3.49,No,Yes,No,No,No,3.25,Humanities & Social Sciences,1,0,0,0,1,Moderate Risk,Moderate Risk Untreated
8/7/2020 15:07,Male,19,Bit,Year 1,0.00 - 1.99,No,No,No,No,No,1.0,IT & Computer Science,0,0,0,0,0,Low Risk,No Serious Symptoms
8/7/2020 15:08,Male,23,Taasl,Year 2,3.50 - 4.00,No,No,No,Yes,No,3.75,Other Disciplines,0,0,1,0,1,Moderate Risk,Moderate Risk Untreated
8/7/2020 15:09,Male,18,Bcs,Year 1,3.50 - 4.00,No,No,Yes,Yes,No,3.75,IT & Computer Science,0,1,1,0,2,High Risk,High Risk Treatment Gap
8/7/2020 15:12,Female,19,Engineering,Year 1,3.50 - 4.00,No,No,Yes,No,No,3.75,Engineering,0,1,0,0,1,Moderate Risk,Moderate Risk Untreated
8/7/2020 15:14,Female,18,Engine,Year 4,3.50 - 4.00,No,No,No,No,No,3.75,Engineering,0,0,0,0,0,Low Risk,No Serious Symptoms
8/7/2020 15:14,Male,24,Bcs,Year 2,3.00 - 3.49,No,Yes,No,No,No,3.25,IT & Computer Science,1,0,0,0,1,Moderate Risk,Moderate Risk Untreated
8/7/2020 15:18,Female,24,Bcs,Year 3,3.50 - 4.00,No,No,No,Yes,No,3.75,IT & Computer Science,0,0,1,0,1,Moderate Risk,Moderate Risk Untreated
8/7/2020 15:27,Female,23,Ala,Year 1,2.50 - 2.99,Yes,Yes,No,Yes,Yes,2.75,Other Disciplines,1,0,1,1,2,High Risk,In Active Treatment
8/7/2020 15:37,Female,18,Bcs,Year 2,3.50 - 4.00,No,No,Yes,No,No,3.75,IT & Computer Science,0,1,0,0,1,Moderate Risk,Moderate Risk Untreated
8/7/2020 15:47,Female,19,Biomedical Science,Year 3,3.00 - 3.49,No,No,No,No,No,3.25,Health & Natural Sciences,0,0,0,0,0,Low Risk,No Serious Symptoms
8/7/2020 15:48,Female,20,Koe,Year 3,3.00 - 3.49,Yes,Yes,Yes,Yes,No,3.25,Engineering,1,1,1,0,3,High Risk,High Risk Treatment Gap
8/7/2020 15:57,Female,19,Bcs,Year 1,3.50 - 4.00,No,Yes,No,Yes,Yes,3.75,IT & Computer Science,1,0,1,1,2,High Risk,In Active Treatment
8/7/2020 15:58,Male,21,Bcs,Year 1,3.00 - 3.49,No,No,No,No,No,3.25,IT & Computer Science,0,0,0,0,0,Low Risk,No Serious Symptoms
8/7/2020 16:08,Male,23,Kirkhs,Year 3,3.50 - 4.00,No,No,No,No,No,3.75,Humanities & Social Sciences,0,0,0,0,0,Low Risk,No Serious Symptoms
8/7/2020 16:21,Female,20,Benl,Year 3,3.00 - 3.49,No,Yes,Yes,No,No,3.25,Other Disciplines,1,1,0,0,2,High Risk,High Risk Treatment Gap
8/7/2020 16:22,Female,18,Bcs,Year 1,3.50 - 4.00,No,No,No,No,No,3.75,IT & Computer Science,0,0,0,0,0,Low Risk,No Serious Symptoms
8/7/2020 16:34,Female,23,Benl,Year 1,3.00 - 3.49,No,No,No,No,No,3.25,Other Disciplines,0,0,0,0,0,Low Risk,No Serious Symptoms
8/7/2020 16:34,Female,18,It,Year 3,3.00 - 3.49,No,No,No,Yes,No,3.25,IT & Computer Science,0,0,1,0,1,Moderate Risk,Moderate Risk Untreated
8/7/2020 16:53,Female,19,Bcs,Year 1,3.50 - 4.00,No,No,No,No,No,3.75,IT & Computer Science,0,0,0,0,0,Low Risk,No Serious Symptoms
8/7/2020 17:05,Female,18,Cts,Year 1,3.50 - 4.00,No,No,No,Yes,No,3.75,Other Disciplines,0,0,1,0,1,Moderate Risk,Moderate Risk Untreated
8/7/2020 17:37,Female,24,Engin,Year 1,3.50 - 4.00,No,No,No,Yes,No,3.75,Engineering,0,0,1,0,1,Moderate Risk,Moderate Risk Untreated
8/7/2020 17:46,Female,24,Engine,Year 1,3.50 - 4.00,No,No,No,No,No,3.75,Engineering,0,0,0,0,0,Low Risk,No Serious Symptoms
8/7/2020 17:50,Female,23,Econs,Year 1,3.50 - 4.00,No,Yes,Yes,No,No,3.75,Business & Economics,1,1,0,0,2,High Risk,High Risk Treatment Gap
8/7/2020 18:10,Female,18,Koe,Year 3,3.00 - 3.49,No,No,Yes,No,No,3.25,Engineering,0,1,0,0,1,Moderate Risk,Moderate Risk Untreated
8/7/2020 18:11,Male,19,Mhsc,Year 3,3.00 - 3.49,Yes,Yes,No,Yes,No,3.25,Other Disciplines,1,0,1,0,2,High Risk,High Risk Treatment Gap
8/7/2020 19:05,Female,18,Malcom,Year 1,3.50 - 4.00,No,Yes,No,No,No,3.75,Other Disciplines,1,0,0,0,1,Moderate Risk,Moderate Risk Untreated
8/7/2020 19:32,Female,24,Kop,Year 4,3.00 - 3.49,No,No,Yes,No,No,3.25,Other Disciplines,0,1,0,0,1,Moderate Risk,Moderate Risk Untreated
8/7/2020 20:36,Female,24,Biomedical Science,Year 1,3.00 - 3.49,No,No,No,No,No,3.25,Health & Natural Sciences,0,0,0,0,0,Low Risk,No Serious Symptoms
8/7/2020 21:21,Female,18,Laws,Year 3,3.50 - 4.00,No,No,No,Yes,No,3.75,Law,0,0,1,0,1,Moderate Risk,Moderate Risk Untreated
8/7/2020 22:35,Female,19,Bit,Year 3,3.00 - 3.49,Yes,Yes,No,No,No,3.25,IT & Computer Science,1,0,0,0,1,Moderate Risk,Moderate Risk Untreated
9/7/2020 6:57,Male,18,Biomedical Science,Year 1,0.00 - 1.99,No,No,No,No,No,1.0,Health & Natural Sciences,0,0,0,0,0,Low Risk,No Serious Symptoms
9/7/2020 11:43,Male,24,Bit,Year 3,3.50 - 4.00,No,No,Yes,No,No,3.75,IT & Computer Science,0,1,0,0,1,Moderate Risk,Moderate Risk Untreated
9/7/2020 11:57,Female,24,Koe,Year 1,3.50 - 4.00,No,No,Yes,Yes,No,3.75,Engineering,0,1,1,0,2,High Risk,High Risk Treatment Gap
9/7/2020 13:15,Female,23,Engineering,Year 1,3.00 - 3.49,No,Yes,No,No,No,3.25,Engineering,1,0,0,0,1,Moderate Risk,Moderate Risk Untreated
9/7/2020 18:24,Female,18,Human Sciences,Year 2,3.00 - 3.49,No,No,No,Yes,No,3.25,Humanities & Social Sciences,0,0,1,0,1,Moderate Risk,Moderate Risk Untreated
13/07/2020 10:07:32,Female,19,Biotechnology,Year 3,0.00 - 1.99,No,No,No,No,No,1.0,Health & Natural Sciences,0,0,0,0,0,Low Risk,No Serious Symptoms
13/07/2020 10:10:30,Female,18,Engineering,Year 4,3.50 - 4.00,No,No,No,No,No,3.75,Engineering,0,0,0,0,0,Low Risk,No Serious Symptoms
13/07/2020 10:11:26,Female,24,Communication,Year 2,3.50 - 4.00,Yes,Yes,Yes,Yes,No,3.75,Humanities & Social Sciences,1,1,1,0,3,High Risk,High Risk Treatment Gap
13/07/2020 10:12:18,Female,24,Diploma Nursing,Year 2,3.50 - 4.00,No,No,No,No,No,3.75,Health & Natural Sciences,0,0,0,0,0,Low Risk,No Serious Symptoms
13/07/2020 10:12:26,Female,19,Engineering,Year 1,3.00 - 3.49,No,Yes,Yes,No,No,3.25,Engineering,1,1,0,0,2,High Risk,High Risk Treatment Gap
13/07/2020 10:12:28,Female,19,Pendidikan Islam,Year 2,3.00 - 3.49,No,No,No,No,No,3.25,Other Disciplines,0,0,0,0,0,Low Risk,No Serious Symptoms
13/07/2020 10:14:46,Male,23,Radiography,Year 1,3.00 - 3.49,No,No,No,No,No,3.25,Health & Natural Sciences,0,0,0,0,0,Low Risk,No Serious Symptoms
13/07/2020 10:33:47,Female,18,Psychology,Year 1,3.50 - 4.00,No,Yes,Yes,No,Yes,3.75,Humanities & Social Sciences,1,1,0,1,2,High Risk,In Active Treatment
13/07/2020 10:34:08,Female,19,Fiqh Fatwa,Year 3,3.00 - 3.49,No,No,No,No,No,3.25,Other Disciplines,0,0,0,0,0,Low Risk,No Serious Symptoms
13/07/2020 11:46:13,Female,18,Psychology,Year 1,3.50 - 4.00,No,Yes,Yes,Yes,No,3.75,Humanities & Social Sciences,1,1,1,0,3,High Risk,High Risk Treatment Gap
13/07/2020 11:49:02,Male,24,Bit,Year 1,3.00 - 3.49,No,No,Yes,No,No,3.25,IT & Computer Science,0,1,0,0,1,Moderate Risk,Moderate Risk Untreated
13/07/2020 11:54:58,Male,24,Engineering,Year 2,2.00 - 2.49,No,No,No,Yes,No,2.25,Engineering,0,0,1,0,1,Moderate Risk,Moderate Risk Untreated
13/07/2020 13:57:11,Female,23,Diploma Tesl,Year 3,3.50 - 4.00,No,No,No,Yes,No,3.75,Other Disciplines,0,0,1,0,1,Moderate Risk,Moderate Risk Untreated
13/07/2020 14:38:12,Male,18,Koe,Year 2,3.00 - 3.49,No,No,Yes,No,No,3.25,Engineering,0,1,0,0,1,Moderate Risk,Moderate Risk Untreated
13/07/2020 14:48:05,Female,19,Koe,Year 2,3.00 - 3.49,Yes,Yes,No,No,No,3.25,Engineering,1,0,0,0,1,Moderate Risk,Moderate Risk Untreated
13/07/2020 16:15:13,Female,18,Benl,Year 1,3.00 - 3.49,No,Yes,No,No,No,3.25,Other Disciplines,1,0,0,0,1,Moderate Risk,Moderate Risk Untreated
13/07/2020 17:30:44,Female,24,Fiqh,Year 3,0.00 - 1.99,No,No,No,Yes,No,1.0,Other Disciplines,0,0,1,0,1,Moderate Risk,Moderate Risk Untreated
13/07/2020 19:08:32,Female,18,Islamic Education,Year 1,3.50 - 4.00,No,No,No,No,No,3.75,Humanities & Social Sciences,0,0,0,0,0,Low Risk,No Serious Symptoms
13/07/2020 19:56:49,Female,21,Bcs,Year 1,3.50 - 4.00,No,No,Yes,No,No,3.75,IT & Computer Science,0,1,0,0,1,Moderate Risk,Moderate Risk Untreated
13/07/2020 21:21:42,Male,18,Engineering,Year 2,3.00 - 3.49,No,Yes,Yes,No,No,3.25,Engineering,1,1,0,0,2,High Risk,High Risk Treatment Gap
13/07/2020 21:22:56,Female,19,Nursing,Year 3,3.50 - 4.00,Yes,Yes,No,Yes,No,3.75,Health & Natural Sciences,1,0,1,0,2,High Risk,High Risk Treatment Gap
13/07/2020 21:23:57,Female,23,Pendidikan Islam,Year 4,3.50 - 4.00,No,No,No,No,No,3.75,Other Disciplines,0,0,0,0,0,Low Risk,No Serious Symptoms
18/07/2020 20:16:21,Male,20,Biomedical Science,Year 2,3.00 - 3.49,No,No,No,No,No,3.25,Health & Natural Sciences,0,0,0,0,0,Low Risk,No Serious Symptoms
